,word1,word2,freq
0,검증,성장,10
1,성장,인정,10
2,성장,의학,10
3,성장,출시,10
4,성장,유통,10
5,성장,유의,10
6,성장,위수,10
7,성장,원료,10
8,성장,우유,10
9,성장,용법,10
10,성장,요인,10
11,성장,연구,10
12,성장,어린이,10
13,기능,성장,10
14,성장,표준편차,10
15,성장,학교,10
16,성장,한방,10
17,성장,함유,10
18,성장,형태,10
19,성장,호응,10
20,성장,확인,10
21,성장,이동,10
22,성장,인체,10
23,단백질,성장,10
24,성장,입증,10
25,성장,제품,10
26,개선,성장,10
27,성장,종근당,10
28,성장,제약,10
29,성장,주간,10
30,성장,중요,10
31,성장,증가,10
32,성장,점수,10
33,성장,차별,10
34,성장,최근,10
35,성장,전재,10
36,성장,최초,10
37,김호곤,성장,10
38,성장,추출물,10
39,성장,적용,10
40,성장,저작권자,10
41,성장,장판,10
42,성장,장은영,10
43,성장,장건,10
44,성장,활성,10
45,성장,편의,10
46,성장,황기,10
47,섭취,성장,10
48,성장,시장,10
49,김영주,성장,10
50,성장,승인,10
51,성장,소비자,10
52,성장,성장기,10
53,경희대,성장,10
54,무단,성장,10
55,성장,후성,10
56,금지,성장,10
57,성장,식품,10
58,기자,성장,10
59,딸기,성장,10
60,대표,성장,10
61,사진,성장,10
62,기식,성장,10
63,대리,성장,10
64,브랜드,성장,10
65,분말,성장,10
66,성장,시험,10
67,매니저,성장,10
68,성장,신뢰,10
69,결과,성장,10
70,결합,성장,10
71,과학,성장,10
72,단신,성장,10
73,성장,안전성,10
74,복합,성장,10
75,성장,신문,10
76,복용,성장,10
77,건강,성장,10
78,성장,조절,10
79,물질,성장,10
80,성장,아이,10
81,성장,신장,10
82,병원,성장,10
83,개발,성장,10
84,배포,성장,10
85,기능,병원,6
86,기능,복용,6
87,기능,복합,6
88,금지,기능,6
89,결과,기능,6
90,기능,배포,6
91,기능,브랜드,6
92,검증,기능,6
93,기능,사진,6
94,기능,섭취,6
95,기능,분말,6
96,기능,물질,6
97,기능,기식,6
98,결합,기능,6
99,기능,매니저,6
100,기능,딸기,6
101,기능,대표,6
102,기능,단신,6
103,기능,단백질,6
104,건강,기능,6
105,기능,김호곤,6
106,기능,김영주,6
107,기능,기자,6
108,기능,대리,6
109,기능,무단,6
110,기능,성장기,6
111,경희대,기능,6
112,기능,전재,6
113,기능,점수,6
114,기능,제약,6
115,기능,제품,6
116,기능,종근당,6
117,기능,주간,6
118,기능,중요,6
119,기능,증가,6
120,기능,차별,6
121,기능,최근,6
122,기능,형태,6
123,기능,최초,6
124,개발,기능,6
125,기능,추출물,6
126,기능,함유,6
127,기능,출시,6
128,기능,편의,6
129,기능,표준편차,6
130,과학,기능,6
131,기능,학교,6
132,기능,한방,6
133,기능,후성,6
134,기능,황기,6
135,기능,소비자,6
136,기능,활성,6
137,기능,확인,6
138,기능,호응,6
139,기능,적용,6
140,기능,조절,6
141,기능,저작권자,6
142,기능,안전성,6
143,기능,신장,6
144,기능,어린이,6
145,기능,신문,6
146,기능,연구,6
147,기능,신뢰,6
148,기능,요인,6
149,기능,장판,6
150,기능,식품,6
151,개선,기능,6
152,기능,용법,6
153,기능,우유,6
154,기능,원료,6
155,기능,시험,6
156,기능,시장,6
157,기능,위수,6
158,기능,유의,6
159,기능,유통,6
160,기능,의학,6
161,기능,이동,6
162,기능,인정,6
163,기능,승인,6
164,기능,인체,6
165,기능,입증,6
166,기능,장건,6
167,기능,장은영,6
168,기능,아이,6
169,아이,활성,5
170,아이,확인,5
171,아이,호응,5
172,아이,편의,5
173,아이,형태,5
174,아이,함유,5
175,아이,한방,5
176,아이,학교,5
177,아이,표준편차,5
178,아이,차별,5
179,아이,출시,5
180,아이,추출물,5
181,아이,최초,5
182,아이,최근,5
183,아이,후성,5
184,아이,황기,5
185,대리,아이,5
186,병원,아이,5
187,배포,아이,5
188,건강,황기,5
189,건강,후성,5
190,분말,아이,5
191,브랜드,아이,5
192,아이,중요,5
193,대표,아이,5
194,금지,아이,5
195,사진,아이,5
196,딸기,아이,5
197,검증,아이,5
198,경희대,아이,5
199,섭취,아이,5
200,매니저,아이,5
201,무단,아이,5
202,물질,아이,5
203,아이,증가,5
204,아이,용법,5
205,아이,주간,5
206,과학,아이,5
207,아이,연구,5
208,아이,어린이,5
209,아이,안전성,5
210,복용,아이,5
211,신장,아이,5
212,신문,아이,5
213,개발,건강,5
214,기식,아이,5
215,식품,아이,5
216,아이,우유,5
217,복합,아이,5
218,시험,아이,5
219,시장,아이,5
220,승인,아이,5
221,결합,아이,5
222,소비자,아이,5
223,성장기,아이,5
224,건강,확인,5
225,아이,요인,5
226,아이,원료,5
227,아이,종근당,5
228,아이,장판,5
229,아이,조절,5
230,결과,아이,5
231,아이,제품,5
232,아이,제약,5
233,아이,점수,5
234,아이,전재,5
235,아이,적용,5
236,아이,저작권자,5
237,아이,장은영,5
238,아이,위수,5
239,아이,장건,5
240,아이,입증,5
241,아이,인체,5
242,아이,인정,5
243,아이,이동,5
244,아이,의학,5
245,아이,유통,5
246,아이,유의,5
247,건강,활성,5
248,신뢰,아이,5
249,건강,호응,5
250,건강,과학,5
251,건강,요인,5
252,건강,용법,5
253,건강,우유,5
254,건강,원료,5
255,건강,위수,5
256,건강,유의,5
257,건강,유통,5
258,건강,의학,5
259,건강,이동,5
260,건강,인정,5
261,건강,인체,5
262,건강,입증,5
263,건강,장건,5
264,건강,경희대,5
265,건강,어린이,5
266,건강,결합,5
267,건강,형태,5
268,건강,장은영,5
269,건강,장판,5
270,건강,결과,5
271,건강,저작권자,5
272,건강,검증,5
273,단신,아이,5
274,건강,적용,5
275,건강,전재,5
276,건강,금지,5
277,건강,점수,5
278,건강,제약,5
279,건강,연구,5
280,건강,안전성,5
281,단백질,아이,5
282,건강,복용,5
283,건강,기자,5
284,건강,김영주,5
285,건강,김호곤,5
286,건강,단백질,5
287,건강,단신,5
288,건강,대리,5
289,건강,대표,5
290,건강,딸기,5
291,건강,매니저,5
292,건강,무단,5
293,건강,물질,5
294,건강,배포,5
295,건강,병원,5
296,건강,복합,5
297,건강,아이,5
298,건강,분말,5
299,건강,브랜드,5
300,건강,사진,5
301,건강,섭취,5
302,건강,성장기,5
303,건강,소비자,5
304,건강,승인,5
305,건강,시장,5
306,건강,시험,5
307,건강,식품,5
308,건강,신뢰,5
309,건강,신문,5
310,건강,신장,5
311,건강,제품,5
312,건강,기식,5
313,건강,최근,5
314,기자,아이,5
315,건강,중요,5
316,건강,출시,5
317,건강,편의,5
318,개선,아이,5
319,건강,최초,5
320,개선,건강,5
321,개발,아이,5
322,김영주,아이,5
323,건강,증가,5
324,건강,조절,5
325,건강,종근당,5
326,건강,표준편차,5
327,건강,추출물,5
328,건강,함유,5
329,김호곤,아이,5
330,건강,차별,5
331,건강,학교,5
332,건강,주간,5
333,건강,한방,5
334,종근당,학교,4
335,개발,종근당,4
336,종근당,표준편차,4
337,종근당,한방,4
338,종근당,출시,4
339,종근당,추출물,4
340,종근당,함유,4
341,종근당,형태,4
342,종근당,편의,4
343,입증,종근당,4
344,종근당,호응,4
345,종근당,확인,4
346,종근당,활성,4
347,종근당,후성,4
348,김영주,종근당,4
349,섭취,종근당,4
350,기자,종근당,4
351,복합,종근당,4
352,사진,종근당,4
353,브랜드,종근당,4
354,분말,종근당,4
355,기식,종근당,4
356,경희대,종근당,4
357,종근당,황기,4
358,종근당,차별,4
359,종근당,최초,4
360,승인,종근당,4
361,장판,종근당,4
362,이동,종근당,4
363,시험,종근당,4
364,금지,종근당,4
365,시장,종근당,4
366,인정,종근당,4
367,단백질,종근당,4
368,종근당,최근,4
369,장은영,종근당,4
370,성장기,종근당,4
371,결합,종근당,4
372,장건,종근당,4
373,인체,종근당,4
374,김호곤,종근당,4
375,식품,종근당,4
376,의학,종근당,4
377,신뢰,종근당,4
378,저작권자,종근당,4
379,적용,종근당,4
380,전재,종근당,4
381,점수,종근당,4
382,신문,종근당,4
383,제약,종근당,4
384,신장,종근당,4
385,제품,종근당,4
386,결과,종근당,4
387,조절,종근당,4
388,종근당,주간,4
389,종근당,중요,4
390,종근당,증가,4
391,개선,종근당,4
392,소비자,종근당,4
393,복용,종근당,4
394,딸기,종근당,4
395,과학,종근당,4
396,유통,종근당,4
397,원료,종근당,4
398,배포,종근당,4
399,우유,종근당,4
400,대리,종근당,4
401,어린이,종근당,4
402,유의,종근당,4
403,용법,종근당,4
404,검증,종근당,4
405,물질,종근당,4
406,위수,종근당,4
407,요인,종근당,4
408,대표,종근당,4
409,연구,종근당,4
410,무단,종근당,4
411,병원,종근당,4
412,매니저,종근당,4
413,안전성,종근당,4
414,단신,종근당,4
415,대표,어린이,3
416,대리,출시,3
417,김영주,황기,3
418,김영주,출시,3
419,김영주,추출물,3
420,대리,추출물,3
421,대리,황기,3
422,대표,복합,3
423,김영주,제품,3
424,복용,복합,3
425,대표,황기,3
426,대표,제품,3
427,대표,추출물,3
428,복합,확인,3
429,대표,출시,3
430,딸기,복합,3
431,딸기,어린이,3
432,딸기,제품,3
433,딸기,추출물,3
434,딸기,출시,3
435,딸기,황기,3
436,매니저,복합,3
437,매니저,어린이,3
438,매니저,제품,3
439,김영주,어린이,3
440,기자,추출물,3
441,김영주,복합,3
442,복합,편의,3
443,복합,최근,3
444,단신,황기,3
445,복합,최초,3
446,복합,추출물,3
447,기식,출시,3
448,기식,추출물,3
449,복합,출시,3
450,복합,표준편차,3
451,기자,황기,3
452,단신,출시,3
453,복합,학교,3
454,복합,한방,3
455,단신,추출물,3
456,기식,제품,3
457,복합,함유,3
458,복합,형태,3
459,복합,차별,3
460,복합,증가,3
461,기식,황기,3
462,기자,복합,3
463,기자,출시,3
464,매니저,출시,3
465,복합,적용,3
466,복합,전재,3
467,복합,점수,3
468,대리,제품,3
469,복합,제약,3
470,기자,제품,3
471,기자,어린이,3
472,복합,제품,3
473,대리,어린이,3
474,복합,조절,3
475,대리,복합,3
476,복합,주간,3
477,복합,중요,3
478,매니저,추출물,3
479,무단,제품,3
480,매니저,황기,3
481,복합,신문,3
482,단신,어린이,3
483,복합,시장,3
484,배포,추출물,3
485,복합,시험,3
486,배포,제품,3
487,복합,식품,3
488,복합,신뢰,3
489,배포,어린이,3
490,무단,복합,3
491,복합,신장,3
492,배포,복합,3
493,단신,복합,3
494,복합,안전성,3
495,복합,어린이,3
496,복합,연구,3
497,물질,황기,3
498,복합,승인,3
499,복합,소비자,3
500,단신,제품,3
501,복합,성장기,3
502,병원,출시,3
503,병원,추출물,3
504,복용,어린이,3
505,복용,제품,3
506,병원,제품,3
507,복용,추출물,3
508,복용,출시,3
509,병원,어린이,3
510,복용,황기,3
511,복합,분말,3
512,복합,브랜드,3
513,병원,복합,3
514,복합,섭취,3
515,배포,황기,3
516,배포,출시,3
517,단백질,황기,3
518,복합,요인,3
519,단백질,출시,3
520,물질,어린이,3
521,복합,저작권자,3
522,단백질,어린이,3
523,물질,복합,3
524,단백질,복합,3
525,김호곤,황기,3
526,무단,황기,3
527,김호곤,출시,3
528,김호곤,추출물,3
529,무단,출시,3
530,김호곤,제품,3
531,무단,추출물,3
532,김호곤,어린이,3
533,김호곤,복합,3
534,병원,황기,3
535,무단,어린이,3
536,복합,장판,3
537,복합,장은영,3
538,복합,용법,3
539,복합,장건,3
540,물질,출시,3
541,복합,우유,3
542,복합,원료,3
543,물질,추출물,3
544,복합,위수,3
545,복합,유의,3
546,단백질,추출물,3
547,복합,유통,3
548,복합,의학,3
549,복합,이동,3
550,물질,제품,3
551,복합,인정,3
552,복합,인체,3
553,단백질,제품,3
554,복합,입증,3
555,복합,호응,3
556,복합,사진,3
557,복합,활성,3
558,저작권자,추출물,3
559,적용,황기,3
560,적용,출시,3
561,적용,추출물,3
562,적용,제품,3
563,저작권자,황기,3
564,저작권자,출시,3
565,저작권자,제품,3
566,위수,출시,3
567,장판,황기,3
568,장판,출시,3
569,장판,추출물,3
570,장판,제품,3
571,장은영,황기,3
572,장은영,출시,3
573,전재,제품,3
574,전재,추출물,3
575,전재,출시,3
576,전재,황기,3
577,점수,제품,3
578,점수,추출물,3
579,점수,출시,3
580,점수,황기,3
581,제약,제품,3
582,제약,추출물,3
583,제약,출시,3
584,제약,황기,3
585,제품,조절,3
586,제품,주간,3
587,제품,중요,3
588,제품,증가,3
589,제품,차별,3
590,장은영,추출물,3
591,장은영,제품,3
592,장건,황기,3
593,이동,출시,3
594,유의,제품,3
595,유의,추출물,3
596,유의,출시,3
597,유의,황기,3
598,유통,제품,3
599,유통,추출물,3
600,유통,출시,3
601,유통,황기,3
602,의학,제품,3
603,의학,추출물,3
604,의학,출시,3
605,의학,황기,3
606,이동,제품,3
607,이동,추출물,3
608,이동,황기,3
609,장건,출시,3
610,인정,제품,3
611,인정,추출물,3
612,인정,출시,3
613,인정,황기,3
614,인체,제품,3
615,인체,추출물,3
616,인체,출시,3
617,인체,황기,3
618,입증,제품,3
619,입증,추출물,3
620,입증,출시,3
621,입증,황기,3
622,장건,제품,3
623,장건,추출물,3
624,제품,최근,3
625,제품,최초,3
626,제품,추출물,3
627,출시,함유,3
628,추출물,표준편차,3
629,추출물,학교,3
630,추출물,한방,3
631,추출물,함유,3
632,추출물,형태,3
633,추출물,호응,3
634,추출물,확인,3
635,추출물,활성,3
636,추출물,황기,3
637,추출물,후성,3
638,출시,편의,3
639,출시,표준편차,3
640,출시,학교,3
641,출시,한방,3
642,출시,형태,3
643,추출물,출시,3
644,출시,호응,3
645,출시,확인,3
646,출시,활성,3
647,출시,황기,3
648,출시,후성,3
649,편의,황기,3
650,표준편차,황기,3
651,학교,황기,3
652,한방,황기,3
653,함유,황기,3
654,형태,황기,3
655,호응,황기,3
656,확인,황기,3
657,활성,황기,3
658,추출물,편의,3
659,최초,황기,3
660,제품,출시,3
661,주간,추출물,3
662,제품,편의,3
663,제품,표준편차,3
664,제품,학교,3
665,제품,한방,3
666,제품,함유,3
667,제품,형태,3
668,제품,호응,3
669,제품,확인,3
670,제품,활성,3
671,제품,황기,3
672,제품,후성,3
673,조절,추출물,3
674,조절,출시,3
675,조절,황기,3
676,주간,출시,3
677,최초,출시,3
678,주간,황기,3
679,중요,추출물,3
680,중요,출시,3
681,중요,황기,3
682,증가,추출물,3
683,증가,출시,3
684,증가,황기,3
685,차별,추출물,3
686,차별,출시,3
687,차별,황기,3
688,최근,추출물,3
689,최근,출시,3
690,최근,황기,3
691,최초,추출물,3
692,위수,황기,3
693,위수,추출물,3
694,복합,황기,3
695,시험,어린이,3
696,식품,제품,3
697,식품,어린이,3
698,시험,황기,3
699,시험,출시,3
700,시험,추출물,3
701,시험,제품,3
702,시장,황기,3
703,위수,제품,3
704,시장,출시,3
705,시장,추출물,3
706,시장,제품,3
707,시장,어린이,3
708,승인,황기,3
709,승인,출시,3
710,식품,추출물,3
711,식품,출시,3
712,식품,황기,3
713,신뢰,어린이,3
714,신뢰,제품,3
715,신뢰,추출물,3
716,신뢰,출시,3
717,신뢰,황기,3
718,신문,어린이,3
719,신문,제품,3
720,신문,추출물,3
721,신문,출시,3
722,신문,황기,3
723,신장,어린이,3
724,신장,제품,3
725,신장,추출물,3
726,신장,출시,3
727,승인,추출물,3
728,승인,제품,3
729,승인,어린이,3
730,사진,출시,3
731,복합,후성,3
732,분말,어린이,3
733,분말,제품,3
734,분말,추출물,3
735,분말,출시,3
736,분말,황기,3
737,브랜드,어린이,3
738,브랜드,제품,3
739,브랜드,추출물,3
740,브랜드,출시,3
741,브랜드,황기,3
742,사진,어린이,3
743,사진,제품,3
744,사진,추출물,3
745,사진,황기,3
746,소비자,황기,3
747,섭취,어린이,3
748,섭취,제품,3
749,섭취,추출물,3
750,섭취,출시,3
751,섭취,황기,3
752,성장기,어린이,3
753,성장기,제품,3
754,성장기,추출물,3
755,성장기,출시,3
756,성장기,황기,3
757,소비자,어린이,3
758,소비자,제품,3
759,소비자,추출물,3
760,소비자,출시,3
761,신장,황기,3
762,안전성,어린이,3
763,안전성,제품,3
764,요인,제품,3
765,어린이,표준편차,3
766,어린이,학교,3
767,어린이,한방,3
768,어린이,함유,3
769,어린이,형태,3
770,어린이,호응,3
771,어린이,확인,3
772,어린이,활성,3
773,어린이,황기,3
774,어린이,후성,3
775,연구,제품,3
776,연구,추출물,3
777,연구,출시,3
778,연구,황기,3
779,요인,추출물,3
780,어린이,출시,3
781,요인,출시,3
782,요인,황기,3
783,용법,제품,3
784,용법,추출물,3
785,용법,출시,3
786,용법,황기,3
787,우유,제품,3
788,우유,추출물,3
789,우유,출시,3
790,우유,황기,3
791,원료,제품,3
792,원료,추출물,3
793,원료,출시,3
794,원료,황기,3
795,어린이,편의,3
796,어린이,추출물,3
797,안전성,추출물,3
798,어린이,입증,3
799,안전성,출시,3
800,안전성,황기,3
801,어린이,연구,3
802,어린이,요인,3
803,어린이,용법,3
804,어린이,우유,3
805,어린이,원료,3
806,어린이,위수,3
807,어린이,유의,3
808,어린이,유통,3
809,어린이,의학,3
810,어린이,이동,3
811,어린이,인정,3
812,어린이,인체,3
813,어린이,장건,3
814,어린이,최초,3
815,어린이,장은영,3
816,어린이,장판,3
817,어린이,저작권자,3
818,어린이,적용,3
819,어린이,전재,3
820,어린이,점수,3
821,어린이,제약,3
822,어린이,제품,3
823,어린이,조절,3
824,어린이,주간,3
825,어린이,중요,3
826,어린이,증가,3
827,어린이,차별,3
828,어린이,최근,3
829,기식,어린이,3
830,황기,후성,3
831,금지,출시,3
832,개발,추출물,3
833,개선,복합,3
834,금지,황기,3
835,결합,제품,3
836,검증,추출물,3
837,개발,출시,3
838,금지,추출물,3
839,결과,추출물,3
840,개선,제품,3
841,과학,추출물,3
842,개발,복합,3
843,개발,제품,3
844,결과,어린이,3
845,검증,제품,3
846,과학,출시,3
847,결합,추출물,3
848,결합,출시,3
849,결과,제품,3
850,결합,황기,3
851,경희대,황기,3
852,검증,어린이,3
853,기식,복합,3
854,개발,황기,3
855,검증,황기,3
856,결과,황기,3
857,경희대,복합,3
858,결합,복합,3
859,경희대,추출물,3
860,금지,복합,3
861,경희대,출시,3
862,결합,어린이,3
863,검증,출시,3
864,결과,출시,3
865,개발,어린이,3
866,개선,어린이,3
867,개선,추출물,3
868,금지,어린이,3
869,개선,황기,3
870,금지,제품,3
871,결과,복합,3
872,과학,복합,3
873,과학,어린이,3
874,경희대,제품,3
875,검증,복합,3
876,개선,출시,3
877,경희대,어린이,3
878,과학,제품,3
879,과학,황기,3
880,안전성,우유,2
881,대리,편의,2
882,적용,함유,2
883,신장,호응,2
884,신장,형태,2
885,금지,안전성,2
886,신장,함유,2
887,신장,한방,2
888,제약,편의,2
889,신장,학교,2
890,신장,표준편차,2
891,대표,편의,2
892,적용,편의,2
893,신장,편의,2
894,제약,함유,2
895,신장,최초,2
896,신장,확인,2
897,신장,최근,2
898,안전성,연구,2
899,안전성,요인,2
900,신장,차별,2
901,안전성,용법,2
902,대표,함유,2
903,브랜드,신장,2
904,유통,함유,2
905,의학,함유,2
906,신장,활성,2
907,성장기,편의,2
908,개선,섭취,2
909,전재,함유,2
910,결과,신장,2
911,전재,편의,2
912,대표,안전성,2
913,성장기,함유,2
914,브랜드,섭취,2
915,결과,섭취,2
916,대표,신장,2
917,분말,함유,2
918,원료,편의,2
919,분말,편의,2
920,대표,섭취,2
921,의학,편의,2
922,점수,편의,2
923,배포,편의,2
924,소비자,신장,2
925,점수,함유,2
926,소비자,안전성,2
927,배포,함유,2
928,결과,안전성,2
929,요인,함유,2
930,신장,후성,2
931,대리,함유,2
932,병원,안전성,2
933,개선,기자,2
934,결합,안전성,2
935,승인,함유,2
936,승인,편의,2
937,주간,함유,2
938,주간,편의,2
939,병원,신장,2
940,결과,편의,2
941,신문,편의,2
942,용법,함유,2
943,신문,함유,2
944,용법,편의,2
945,단신,편의,2
946,병원,섭취,2
947,단신,함유,2
948,신장,안전성,2
949,개발,편의,2
950,신장,연구,2
951,분말,안전성,2
952,분말,신장,2
953,신장,용법,2
954,단신,안전성,2
955,결과,함유,2
956,신문,안전성,2
957,증가,편의,2
958,분말,섭취,2
959,검증,김영주,2
960,유의,편의,2
961,시장,안전성,2
962,시장,신장,2
963,단신,섭취,2
964,유의,함유,2
965,중요,함유,2
966,중요,편의,2
967,결합,섭취,2
968,검증,기자,2
969,단신,신장,2
970,신장,요인,2
971,신장,우유,2
972,신장,증가,2
973,대리,신장,2
974,대리,안전성,2
975,소비자,함유,2
976,신장,적용,2
977,신장,전재,2
978,신장,점수,2
979,소비자,편의,2
980,신장,제약,2
981,결합,신장,2
982,신장,조절,2
983,안전성,위수,2
984,개선,김영주,2
985,유통,편의,2
986,개선,단백질,2
987,신장,주간,2
988,신장,중요,2
989,신장,저작권자,2
990,신장,장판,2
991,신장,원료,2
992,신장,장은영,2
993,조절,함유,2
994,승인,안전성,2
995,신장,위수,2
996,승인,신장,2
997,조절,편의,2
998,신장,유의,2
999,신장,유통,2
1000,대리,섭취,2
1001,신장,의학,2
1002,신장,이동,2
1003,신장,인정,2
1004,신장,인체,2
1005,신장,입증,2
1006,신장,장건,2
1007,개발,함유,2
1008,안전성,원료,2
1009,안전성,입증,2
1010,금지,신장,2
1011,섭취,원료,2
1012,매니저,편의,2
1013,섭취,이동,2
1014,섭취,의학,2
1015,섭취,유통,2
1016,매니저,함유,2
1017,섭취,유의,2
1018,섭취,위수,2
1019,섭취,우유,2
1020,섭취,인체,2
1021,섭취,용법,2
1022,섭취,요인,2
1023,섭취,연구,2
1024,섭취,안전성,2
1025,섭취,신장,2
1026,입증,함유,2
1027,섭취,신문,2
1028,섭취,인정,2
1029,섭취,입증,2
1030,무단,섭취,2
1031,섭취,조절,2
1032,섭취,최초,2
1033,섭취,최근,2
1034,섭취,차별,2
1035,섭취,증가,2
1036,섭취,중요,2
1037,섭취,주간,2
1038,장건,함유,2
1039,섭취,제약,2
1040,섭취,장건,2
1041,장건,편의,2
1042,섭취,점수,2
1043,섭취,전재,2
1044,섭취,적용,2
1045,섭취,저작권자,2
1046,섭취,장판,2
1047,섭취,장은영,2
1048,섭취,신뢰,2
1049,섭취,식품,2
1050,안전성,유의,2
1051,사진,섭취,2
1052,브랜드,편의,2
1053,금지,김영주,2
1054,무단,편의,2
1055,브랜드,함유,2
1056,무단,함유,2
1057,연구,함유,2
1058,금지,기자,2
1059,개선,편의,2
1060,이동,함유,2
1061,연구,편의,2
1062,사진,안전성,2
1063,물질,섭취,2
1064,사진,신장,2
1065,인정,함유,2
1066,물질,안전성,2
1067,인정,편의,2
1068,금지,단백질,2
1069,인체,편의,2
1070,입증,편의,2
1071,무단,안전성,2
1072,섭취,시험,2
1073,섭취,시장,2
1074,섭취,승인,2
1075,섭취,소비자,2
1076,섭취,성장기,2
1077,무단,신장,2
1078,경희대,신장,2
1079,물질,함유,2
1080,인체,함유,2
1081,사진,함유,2
1082,사진,편의,2
1083,경희대,안전성,2
1084,물질,편의,2
1085,과학,함유,2
1086,개선,함유,2
1087,이동,편의,2
1088,검증,안전성,2
1089,섭취,편의,2
1090,섭취,표준편차,2
1091,안전성,차별,2
1092,딸기,신장,2
1093,딸기,안전성,2
1094,저작권자,편의,2
1095,안전성,조절,2
1096,안전성,주간,2
1097,안전성,중요,2
1098,안전성,증가,2
1099,안전성,최근,2
1100,안전성,점수,2
1101,안전성,최초,2
1102,결과,단백질,2
1103,배포,안전성,2
1104,안전성,편의,2
1105,안전성,표준편차,2
1106,안전성,학교,2
1107,안전성,한방,2
1108,안전성,제약,2
1109,저작권자,함유,2
1110,섭취,학교,2
1111,안전성,인체,2
1112,안전성,유통,2
1113,안전성,의학,2
1114,안전성,이동,2
1115,성장기,안전성,2
1116,안전성,인정,2
1117,성장기,신장,2
1118,개선,신장,2
1119,단백질,후성,2
1120,안전성,전재,2
1121,안전성,장건,2
1122,딸기,섭취,2
1123,안전성,장은영,2
1124,개선,안전성,2
1125,안전성,장판,2
1126,안전성,저작권자,2
1127,안전성,적용,2
1128,안전성,함유,2
1129,결합,편의,2
1130,안전성,형태,2
1131,섭취,후성,2
1132,검증,함유,2
1133,배포,섭취,2
1134,장은영,함유,2
1135,매니저,섭취,2
1136,검증,편의,2
1137,장은영,편의,2
1138,경희대,섭취,2
1139,매니저,신장,2
1140,장판,함유,2
1141,섭취,활성,2
1142,매니저,안전성,2
1143,섭취,확인,2
1144,섭취,호응,2
1145,섭취,형태,2
1146,섭취,함유,2
1147,섭취,한방,2
1148,검증,신장,2
1149,요인,편의,2
1150,금지,섭취,2
1151,경희대,단백질,2
1152,안전성,호응,2
1153,안전성,확인,2
1154,결합,함유,2
1155,장판,편의,2
1156,안전성,활성,2
1157,결과,김영주,2
1158,안전성,후성,2
1159,결과,기자,2
1160,과학,편의,2
1161,딸기,편의,2
1162,배포,신장,2
1163,브랜드,안전성,2
1164,딸기,함유,2
1165,경희대,기자,2
1166,경희대,김영주,2
1167,신문,신장,2
1168,물질,신장,2
1169,증가,함유,2
1170,편의,한방,2
1171,김영주,배포,2
1172,김영주,병원,2
1173,김영주,복용,2
1174,편의,함유,2
1175,김영주,분말,2
1176,김영주,브랜드,2
1177,김영주,사진,2
1178,김영주,섭취,2
1179,김영주,성장기,2
1180,김영주,무단,2
1181,김영주,소비자,2
1182,김영주,승인,2
1183,김영주,시장,2
1184,김영주,시험,2
1185,김영주,식품,2
1186,김영주,신뢰,2
1187,김영주,신문,2
1188,김영주,신장,2
1189,김영주,물질,2
1190,김영주,매니저,2
1191,김영주,안전성,2
1192,기자,호응,2
1193,편의,확인,2
1194,편의,호응,2
1195,기자,편의,2
1196,기자,표준편차,2
1197,기자,학교,2
1198,기자,한방,2
1199,기자,함유,2
1200,기자,형태,2
1201,기자,확인,2
1202,김영주,딸기,2
1203,기자,활성,2
1204,편의,형태,2
1205,기자,후성,2
1206,김영주,김호곤,2
1207,김영주,단백질,2
1208,김영주,단신,2
1209,김영주,대리,2
1210,김영주,대표,2
1211,편의,학교,2
1212,편의,표준편차,2
1213,김호곤,단백질,2
1214,김영주,편의,2
1215,김영주,주간,2
1216,김영주,중요,2
1217,김영주,증가,2
1218,김영주,차별,2
1219,김영주,최근,2
1220,김영주,최초,2
1221,개발,단백질,2
1222,기식,김영주,2
1223,김영주,표준편차,2
1224,김영주,조절,2
1225,김영주,학교,2
1226,김영주,한방,2
1227,김영주,함유,2
1228,김영주,형태,2
1229,김영주,호응,2
1230,김영주,확인,2
1231,김영주,활성,2
1232,기식,기자,2
1233,기식,단백질,2
1234,김영주,제약,2
1235,김영주,연구,2
1236,김영주,이동,2
1237,김영주,요인,2
1238,김영주,용법,2
1239,김영주,우유,2
1240,김영주,원료,2
1241,김영주,위수,2
1242,김영주,유의,2
1243,김영주,유통,2
1244,김영주,의학,2
1245,김영주,인정,2
1246,단백질,활성,2
1247,김영주,인체,2
1248,김영주,입증,2
1249,김영주,장건,2
1250,김영주,장은영,2
1251,김영주,장판,2
1252,김영주,저작권자,2
1253,김영주,적용,2
1254,김영주,전재,2
1255,기자,최초,2
1256,기자,최근,2
1257,기자,차별,2
1258,기자,단백질,2
1259,개발,기자,2
1260,기식,함유,2
1261,식품,편의,2
1262,과학,섭취,2
1263,기식,섭취,2
1264,표준편차,함유,2
1265,기자,김영주,2
1266,기자,김호곤,2
1267,기자,단신,2
1268,학교,함유,2
1269,기자,대리,2
1270,기자,대표,2
1271,기자,딸기,2
1272,기자,매니저,2
1273,기자,무단,2
1274,기자,물질,2
1275,기자,배포,2
1276,기자,병원,2
1277,기식,편의,2
1278,결합,기자,2
1279,기자,증가,2
1280,함유,후성,2
1281,기식,신장,2
1282,기식,안전성,2
1283,복용,함유,2
1284,원료,함유,2
1285,식품,안전성,2
1286,결합,단백질,2
1287,식품,신장,2
1288,복용,편의,2
1289,함유,활성,2
1290,한방,함유,2
1291,함유,확인,2
1292,함유,호응,2
1293,함유,형태,2
1294,시험,함유,2
1295,과학,안전성,2
1296,결합,김영주,2
1297,시험,편의,2
1298,과학,신장,2
1299,기자,복용,2
1300,기자,분말,2
1301,기자,브랜드,2
1302,기자,저작권자,2
1303,기자,의학,2
1304,기자,이동,2
1305,기자,인정,2
1306,기자,인체,2
1307,기자,입증,2
1308,기자,장건,2
1309,기자,장은영,2
1310,기자,장판,2
1311,기자,적용,2
1312,기자,사진,2
1313,기자,전재,2
1314,기자,점수,2
1315,기자,제약,2
1316,개발,김영주,2
1317,기자,조절,2
1318,편의,활성,2
1319,기자,주간,2
1320,기자,중요,2
1321,기자,유통,2
1322,기자,유의,2
1323,기자,위수,2
1324,기자,원료,2
1325,기자,섭취,2
1326,식품,함유,2
1327,기자,성장기,2
1328,기자,소비자,2
1329,기자,승인,2
1330,기자,시장,2
1331,기자,시험,2
1332,기자,식품,2
1333,기자,신뢰,2
1334,기자,신문,2
1335,기자,신장,2
1336,편의,후성,2
1337,기자,안전성,2
1338,기자,연구,2
1339,기자,요인,2
1340,기자,용법,2
1341,기자,우유,2
1342,김영주,후성,2
1343,김영주,점수,2
1344,단백질,식품,2
1345,단백질,단신,2
1346,금지,편의,2
1347,단백질,섭취,2
1348,단백질,사진,2
1349,단백질,브랜드,2
1350,단백질,분말,2
1351,단백질,복용,2
1352,단백질,병원,2
1353,단백질,배포,2
1354,단백질,물질,2
1355,단백질,무단,2
1356,단백질,매니저,2
1357,단백질,딸기,2
1358,단백질,대표,2
1359,단백질,대리,2
1360,검증,단백질,2
1361,단백질,성장기,2
1362,신뢰,함유,2
1363,검증,섭취,2
1364,병원,편의,2
1365,차별,편의,2
1366,김호곤,함유,2
1367,신뢰,편의,2
1368,단백질,최근,2
1369,김호곤,편의,2
1370,금지,함유,2
1371,병원,함유,2
1372,경희대,편의,2
1373,단백질,최초,2
1374,최근,편의,2
1375,경희대,함유,2
1376,단백질,차별,2
1377,단백질,소비자,2
1378,시장,편의,2
1379,단백질,유의,2
1380,단백질,적용,2
1381,단백질,저작권자,2
1382,단백질,장판,2
1383,단백질,장은영,2
1384,단백질,점수,2
1385,단백질,장건,2
1386,단백질,제약,2
1387,단백질,입증,2
1388,단백질,인체,2
1389,단백질,인정,2
1390,단백질,이동,2
1391,단백질,의학,2
1392,단백질,조절,2
1393,단백질,유통,2
1394,단백질,주간,2
1395,단백질,승인,2
1396,단백질,위수,2
1397,단백질,원료,2
1398,단백질,우유,2
1399,단백질,중요,2
1400,단백질,용법,2
1401,단백질,요인,2
1402,단백질,연구,2
1403,단백질,안전성,2
1404,단백질,신장,2
1405,단백질,신문,2
1406,단백질,신뢰,2
1407,단백질,증가,2
1408,단백질,시험,2
1409,단백질,시장,2
1410,최근,함유,2
1411,차별,함유,2
1412,과학,단백질,2
1413,개발,섭취,2
1414,단백질,표준편차,2
1415,김호곤,안전성,2
1416,위수,함유,2
1417,김호곤,신장,2
1418,시험,신장,2
1419,시험,안전성,2
1420,복용,신장,2
1421,우유,편의,2
1422,복용,안전성,2
1423,김호곤,섭취,2
1424,과학,기자,2
1425,위수,편의,2
1426,신뢰,안전성,2
1427,신뢰,신장,2
1428,단백질,학교,2
1429,단백질,한방,2
1430,단백질,함유,2
1431,단백질,형태,2
1432,단백질,호응,2
1433,단백질,확인,2
1434,과학,김영주,2
1435,단백질,전재,2
1436,최초,편의,2
1437,단백질,편의,2
1438,개발,신장,2
1439,시장,함유,2
1440,개발,안전성,2
1441,최초,함유,2
1442,복용,섭취,2
1443,우유,함유,2
1444,검증,병원,1
1445,우유,인정,1
1446,원료,증가,1
1447,원료,장판,1
1448,원료,차별,1
1449,연구,한방,1
1450,우유,장건,1
1451,연구,학교,1
1452,우유,제약,1
1453,우유,적용,1
1454,원료,장은영,1
1455,원료,최근,1
1456,연구,표준편차,1
1457,요인,제약,1
1458,검증,요인,1
1459,원료,장건,1
1460,요인,인체,1
1461,우유,장은영,1
1462,우유,전재,1
1463,원료,저작권자,1
1464,우유,유통,1
1465,검증,성장기,1
1466,요인,점수,1
1467,우유,이동,1
1468,원료,최초,1
1469,연구,최초,1
1470,연구,최근,1
1471,요인,인정,1
1472,우유,의학,1
1473,검증,용법,1
1474,요인,장은영,1
1475,연구,형태,1
1476,요인,장판,1
1477,원료,전재,1
1478,요인,용법,1
1479,요인,입증,1
1480,요인,적용,1
1481,요인,우유,1
1482,요인,저작권자,1
1483,원료,점수,1
1484,요인,장건,1
1485,요인,원료,1
1486,요인,위수,1
1487,요인,유의,1
1488,원료,제약,1
1489,우유,장판,1
1490,요인,유통,1
1491,원료,조절,1
1492,원료,적용,1
1493,우유,인체,1
1494,요인,의학,1
1495,연구,후성,1
1496,우유,유의,1
1497,우유,저작권자,1
1498,검증,복용,1
1499,검증,연구,1
1500,요인,이동,1
1501,연구,활성,1
1502,원료,주간,1
1503,원료,중요,1
1504,연구,확인,1
1505,우유,입증,1
1506,연구,호응,1
1507,요인,전재,1
1508,우유,점수,1
1509,용법,유통,1
1510,우유,위수,1
1511,검증,분말,1
1512,용법,인체,1
1513,용법,입증,1
1514,우유,확인,1
1515,용법,장건,1
1516,용법,장은영,1
1517,용법,장판,1
1518,원료,인체,1
1519,용법,저작권자,1
1520,용법,적용,1
1521,용법,전재,1
1522,우유,호응,1
1523,용법,점수,1
1524,용법,제약,1
1525,검증,식품,1
1526,용법,조절,1
1527,검증,시험,1
1528,요인,한방,1
1529,우유,활성,1
1530,우유,후성,1
1531,용법,주간,1
1532,용법,인정,1
1533,용법,위수,1
1534,원료,이동,1
1535,용법,원료,1
1536,용법,우유,1
1537,원료,인정,1
1538,요인,후성,1
1539,검증,신뢰,1
1540,요인,활성,1
1541,원료,의학,1
1542,용법,의학,1
1543,요인,확인,1
1544,용법,이동,1
1545,요인,호응,1
1546,요인,형태,1
1547,원료,유통,1
1548,원료,유의,1
1549,원료,위수,1
1550,우유,형태,1
1551,우유,한방,1
1552,우유,원료,1
1553,우유,조절,1
1554,용법,유의,1
1555,용법,최근,1
1556,요인,주간,1
1557,용법,최초,1
1558,검증,시장,1
1559,요인,조절,1
1560,검증,승인,1
1561,용법,표준편차,1
1562,용법,학교,1
1563,용법,한방,1
1564,용법,형태,1
1565,용법,호응,1
1566,용법,확인,1
1567,용법,활성,1
1568,원료,입증,1
1569,검증,소비자,1
1570,용법,후성,1
1571,요인,중요,1
1572,요인,증가,1
1573,우유,학교,1
1574,요인,차별,1
1575,우유,표준편차,1
1576,검증,브랜드,1
1577,용법,중요,1
1578,용법,증가,1
1579,검증,사진,1
1580,우유,최초,1
1581,우유,최근,1
1582,우유,차별,1
1583,우유,증가,1
1584,용법,차별,1
1585,우유,중요,1
1586,우유,주간,1
1587,요인,학교,1
1588,요인,표준편차,1
1589,검증,신문,1
1590,요인,최초,1
1591,요인,최근,1
1592,기식,신뢰,1
1593,결과,위수,1
1594,연구,차별,1
1595,신뢰,제약,1
1596,신문,위수,1
1597,신문,원료,1
1598,신문,우유,1
1599,신문,용법,1
1600,신문,요인,1
1601,신문,연구,1
1602,결과,한방,1
1603,신뢰,후성,1
1604,결과,형태,1
1605,신뢰,활성,1
1606,신뢰,확인,1
1607,신뢰,호응,1
1608,신뢰,형태,1
1609,신뢰,한방,1
1610,신뢰,학교,1
1611,신뢰,표준편차,1
1612,결과,호응,1
1613,결과,확인,1
1614,신뢰,최초,1
1615,신뢰,최근,1
1616,신뢰,차별,1
1617,신뢰,증가,1
1618,신뢰,중요,1
1619,신뢰,주간,1
1620,결과,활성,1
1621,신문,유의,1
1622,신문,유통,1
1623,신문,의학,1
1624,신문,조절,1
1625,신문,형태,1
1626,신문,한방,1
1627,신문,학교,1
1628,신문,표준편차,1
1629,신문,최초,1
1630,신문,최근,1
1631,신문,차별,1
1632,신문,증가,1
1633,신문,중요,1
1634,신문,주간,1
1635,결과,표준편차,1
1636,결과,학교,1
1637,신문,이동,1
1638,신문,제약,1
1639,신문,점수,1
1640,신문,전재,1
1641,신문,적용,1
1642,신문,저작권자,1
1643,신문,장판,1
1644,신문,장은영,1
1645,신문,장건,1
1646,신문,입증,1
1647,신문,인체,1
1648,신문,인정,1
1649,신뢰,조절,1
1650,신뢰,점수,1
1651,신문,확인,1
1652,신뢰,전재,1
1653,식품,학교,1
1654,식품,표준편차,1
1655,결합,금지,1
1656,결합,기식,1
1657,식품,최초,1
1658,식품,최근,1
1659,식품,차별,1
1660,식품,증가,1
1661,식품,중요,1
1662,식품,주간,1
1663,식품,조절,1
1664,식품,제약,1
1665,식품,점수,1
1666,식품,전재,1
1667,식품,적용,1
1668,식품,저작권자,1
1669,식품,장판,1
1670,식품,장은영,1
1671,식품,장건,1
1672,식품,입증,1
1673,식품,인체,1
1674,식품,인정,1
1675,식품,이동,1
1676,식품,의학,1
1677,식품,유통,1
1678,식품,한방,1
1679,식품,형태,1
1680,식품,호응,1
1681,신뢰,유의,1
1682,신뢰,적용,1
1683,신뢰,저작권자,1
1684,신뢰,장판,1
1685,신뢰,장은영,1
1686,신뢰,장건,1
1687,신뢰,입증,1
1688,신뢰,인체,1
1689,신뢰,인정,1
1690,신뢰,이동,1
1691,신뢰,의학,1
1692,신뢰,유통,1
1693,신뢰,위수,1
1694,식품,확인,1
1695,신뢰,원료,1
1696,신뢰,우유,1
1697,신뢰,용법,1
1698,신뢰,요인,1
1699,신뢰,연구,1
1700,결과,후성,1
1701,결합,경희대,1
1702,신뢰,신문,1
1703,식품,후성,1
1704,결합,과학,1
1705,식품,활성,1
1706,신문,호응,1
1707,신문,활성,1
1708,연구,증가,1
1709,검증,활성,1
1710,검증,의학,1
1711,검증,이동,1
1712,검증,인정,1
1713,검증,인체,1
1714,검증,입증,1
1715,검증,장건,1
1716,검증,장은영,1
1717,검증,장판,1
1718,검증,저작권자,1
1719,검증,적용,1
1720,검증,전재,1
1721,검증,점수,1
1722,검증,제약,1
1723,검증,조절,1
1724,검증,주간,1
1725,검증,중요,1
1726,검증,증가,1
1727,검증,차별,1
1728,검증,최근,1
1729,검증,최초,1
1730,검증,표준편차,1
1731,검증,학교,1
1732,검증,한방,1
1733,검증,형태,1
1734,검증,호응,1
1735,검증,유통,1
1736,검증,유의,1
1737,검증,위수,1
1738,연구,장은영,1
1739,연구,중요,1
1740,연구,주간,1
1741,검증,우유,1
1742,연구,조절,1
1743,검증,원료,1
1744,연구,제약,1
1745,연구,점수,1
1746,연구,전재,1
1747,연구,적용,1
1748,연구,저작권자,1
1749,연구,장판,1
1750,연구,장건,1
1751,연구,요인,1
1752,연구,입증,1
1753,연구,인체,1
1754,연구,인정,1
1755,연구,이동,1
1756,연구,의학,1
1757,연구,유통,1
1758,연구,유의,1
1759,연구,위수,1
1760,연구,원료,1
1761,연구,우유,1
1762,연구,용법,1
1763,검증,확인,1
1764,검증,후성,1
1765,신문,후성,1
1766,결과,결합,1
1767,결과,용법,1
1768,결과,우유,1
1769,결과,원료,1
1770,결과,유의,1
1771,결과,유통,1
1772,결과,의학,1
1773,결과,이동,1
1774,결과,인정,1
1775,결과,인체,1
1776,결과,입증,1
1777,결과,장건,1
1778,결과,장은영,1
1779,결과,장판,1
1780,결과,저작권자,1
1781,결과,적용,1
1782,결과,전재,1
1783,결과,점수,1
1784,결과,제약,1
1785,결과,조절,1
1786,결과,주간,1
1787,결과,중요,1
1788,결과,증가,1
1789,결과,차별,1
1790,결과,최근,1
1791,결과,최초,1
1792,결과,요인,1
1793,결과,연구,1
1794,결과,신문,1
1795,결과,물질,1
1796,결과,경희대,1
1797,결과,과학,1
1798,결과,금지,1
1799,결과,기식,1
1800,결과,김호곤,1
1801,결과,단신,1
1802,결과,대리,1
1803,결과,대표,1
1804,결과,딸기,1
1805,결과,매니저,1
1806,결과,무단,1
1807,결과,배포,1
1808,결과,신뢰,1
1809,결과,병원,1
1810,결과,복용,1
1811,결과,분말,1
1812,결과,브랜드,1
1813,결과,사진,1
1814,결과,성장기,1
1815,결과,소비자,1
1816,결과,승인,1
1817,결과,시장,1
1818,결과,시험,1
1819,결과,식품,1
1820,검증,배포,1
1821,이동,주간,1
1822,원료,표준편차,1
1823,점수,후성,1
1824,점수,학교,1
1825,점수,한방,1
1826,점수,형태,1
1827,점수,호응,1
1828,점수,확인,1
1829,점수,활성,1
1830,개선,복용,1
1831,개선,병원,1
1832,개선,물질,1
1833,제약,조절,1
1834,개선,배포,1
1835,제약,주간,1
1836,제약,중요,1
1837,제약,증가,1
1838,제약,차별,1
1839,제약,최근,1
1840,점수,표준편차,1
1841,개선,분말,1
1842,점수,최초,1
1843,점수,최근,1
1844,전재,학교,1
1845,전재,한방,1
1846,전재,형태,1
1847,전재,호응,1
1848,전재,확인,1
1849,전재,활성,1
1850,전재,후성,1
1851,점수,제약,1
1852,개선,사진,1
1853,점수,조절,1
1854,개선,브랜드,1
1855,점수,주간,1
1856,점수,중요,1
1857,점수,증가,1
1858,점수,차별,1
1859,제약,최초,1
1860,개선,무단,1
1861,조절,형태,1
1862,조절,중요,1
1863,개선,검증,1
1864,개발,후성,1
1865,개발,활성,1
1866,개발,확인,1
1867,개발,호응,1
1868,개발,형태,1
1869,조절,주간,1
1870,조절,증가,1
1871,제약,표준편차,1
1872,조절,차별,1
1873,조절,최근,1
1874,조절,최초,1
1875,개발,한방,1
1876,개발,학교,1
1877,조절,표준편차,1
1878,조절,학교,1
1879,개선,결과,1
1880,개선,결합,1
1881,개선,경희대,1
1882,개선,과학,1
1883,제약,학교,1
1884,제약,한방,1
1885,제약,형태,1
1886,제약,호응,1
1887,제약,확인,1
1888,제약,활성,1
1889,개선,매니저,1
1890,제약,후성,1
1891,개선,딸기,1
1892,개선,대표,1
1893,개선,대리,1
1894,개선,단신,1
1895,개선,김호곤,1
1896,개선,기식,1
1897,개선,금지,1
1898,전재,표준편차,1
1899,개선,성장기,1
1900,개선,소비자,1
1901,저작권자,주간,1
1902,저작권자,적용,1
1903,저작권자,전재,1
1904,저작권자,점수,1
1905,저작권자,제약,1
1906,개선,용법,1
1907,저작권자,조절,1
1908,개선,요인,1
1909,저작권자,중요,1
1910,전재,최초,1
1911,저작권자,증가,1
1912,저작권자,차별,1
1913,저작권자,최근,1
1914,저작권자,최초,1
1915,개선,연구,1
1916,저작권자,표준편차,1
1917,저작권자,학교,1
1918,장판,후성,1
1919,개선,우유,1
1920,장판,활성,1
1921,장판,확인,1
1922,장판,조절,1
1923,개선,유의,1
1924,장판,주간,1
1925,장판,중요,1
1926,장판,증가,1
1927,장판,차별,1
1928,장판,최근,1
1929,장판,최초,1
1930,개선,위수,1
1931,개선,원료,1
1932,장판,표준편차,1
1933,장판,학교,1
1934,장판,한방,1
1935,장판,형태,1
1936,장판,호응,1
1937,저작권자,한방,1
1938,저작권자,형태,1
1939,저작권자,호응,1
1940,적용,한방,1
1941,적용,호응,1
1942,적용,확인,1
1943,적용,활성,1
1944,개선,시험,1
1945,적용,후성,1
1946,전재,점수,1
1947,전재,제약,1
1948,개선,시장,1
1949,전재,조절,1
1950,개선,승인,1
1951,전재,주간,1
1952,전재,중요,1
1953,전재,증가,1
1954,전재,차별,1
1955,전재,최근,1
1956,적용,형태,1
1957,적용,학교,1
1958,저작권자,확인,1
1959,적용,표준편차,1
1960,저작권자,활성,1
1961,저작권자,후성,1
1962,적용,전재,1
1963,적용,점수,1
1964,적용,제약,1
1965,적용,조절,1
1966,개선,신문,1
1967,적용,주간,1
1968,적용,중요,1
1969,적용,증가,1
1970,적용,차별,1
1971,적용,최근,1
1972,적용,최초,1
1973,개선,신뢰,1
1974,개선,식품,1
1975,조절,한방,1
1976,조절,호응,1
1977,원료,학교,1
1978,개발,브랜드,1
1979,개발,식품,1
1980,개발,시험,1
1981,개발,시장,1
1982,개발,승인,1
1983,개발,소비자,1
1984,개발,성장기,1
1985,개발,사진,1
1986,개발,분말,1
1987,개발,대리,1
1988,개발,복용,1
1989,개발,병원,1
1990,개발,배포,1
1991,개발,물질,1
1992,개발,무단,1
1993,개발,매니저,1
1994,개발,딸기,1
1995,최초,후성,1
1996,개발,신뢰,1
1997,최초,활성,1
1998,최초,확인,1
1999,개발,연구,1
2000,최근,표준편차,1
2001,최근,학교,1
2002,최근,한방,1
2003,최근,형태,1
2004,최근,호응,1
2005,최근,확인,1
2006,최근,활성,1
2007,최근,후성,1
2008,개발,신문,1
2009,최초,표준편차,1
2010,최초,학교,1
2011,최초,한방,1
2012,최초,형태,1
2013,최초,호응,1
2014,개발,대표,1
2015,개발,단신,1
2016,조절,확인,1
2017,호응,확인,1
2018,한방,후성,1
2019,개발,과학,1
2020,형태,호응,1
2021,형태,확인,1
2022,형태,활성,1
2023,개발,경희대,1
2024,형태,후성,1
2025,호응,활성,1
2026,개발,김호곤,1
2027,개발,결합,1
2028,호응,후성,1
2029,확인,활성,1
2030,개발,결과,1
2031,확인,후성,1
2032,개발,검증,1
2033,활성,후성,1
2034,개발,금지,1
2035,한방,활성,1
2036,한방,확인,1
2037,한방,호응,1
2038,표준편차,학교,1
2039,표준편차,한방,1
2040,표준편차,형태,1
2041,표준편차,호응,1
2042,표준편차,확인,1
2043,표준편차,활성,1
2044,표준편차,후성,1
2045,학교,한방,1
2046,학교,형태,1
2047,학교,호응,1
2048,학교,확인,1
2049,학교,활성,1
2050,개발,기식,1
2051,학교,후성,1
2052,한방,형태,1
2053,최근,최초,1
2054,차별,후성,1
2055,개발,요인,1
2056,주간,학교,1
2057,주간,증가,1
2058,주간,차별,1
2059,주간,최근,1
2060,주간,최초,1
2061,개발,입증,1
2062,개발,인체,1
2063,주간,표준편차,1
2064,주간,한방,1
2065,차별,활성,1
2066,주간,형태,1
2067,주간,호응,1
2068,주간,확인,1
2069,주간,활성,1
2070,개발,인정,1
2071,주간,후성,1
2072,중요,증가,1
2073,주간,중요,1
2074,개발,장건,1
2075,개발,장은영,1
2076,개발,장판,1
2077,조절,활성,1
2078,개발,표준편차,1
2079,조절,후성,1
2080,개발,최초,1
2081,개발,최근,1
2082,개발,차별,1
2083,개발,증가,1
2084,개발,중요,1
2085,개발,주간,1
2086,개발,조절,1
2087,개발,제약,1
2088,개발,점수,1
2089,개발,전재,1
2090,개발,적용,1
2091,개발,저작권자,1
2092,중요,차별,1
2093,중요,최근,1
2094,중요,최초,1
2095,증가,한방,1
2096,증가,호응,1
2097,증가,확인,1
2098,증가,활성,1
2099,개발,원료,1
2100,증가,후성,1
2101,차별,최근,1
2102,차별,최초,1
2103,개발,우유,1
2104,개발,용법,1
2105,차별,표준편차,1
2106,차별,학교,1
2107,차별,한방,1
2108,차별,형태,1
2109,차별,호응,1
2110,차별,확인,1
2111,증가,형태,1
2112,증가,학교,1
2113,개발,이동,1
2114,증가,표준편차,1
2115,개발,의학,1
2116,중요,표준편차,1
2117,중요,학교,1
2118,중요,한방,1
2119,중요,형태,1
2120,중요,호응,1
2121,중요,확인,1
2122,중요,활성,1
2123,개발,유통,1
2124,중요,후성,1
2125,증가,차별,1
2126,증가,최근,1
2127,증가,최초,1
2128,개발,유의,1
2129,개발,위수,1
2130,개선,유통,1
2131,장판,제약,1
2132,장판,점수,1
2133,유통,활성,1
2134,검증,경희대,1
2135,유통,표준편차,1
2136,유통,학교,1
2137,유통,한방,1
2138,유통,형태,1
2139,유통,호응,1
2140,유통,확인,1
2141,검증,결합,1
2142,의학,저작권자,1
2143,유통,후성,1
2144,의학,이동,1
2145,의학,인정,1
2146,의학,인체,1
2147,의학,입증,1
2148,의학,장건,1
2149,의학,장은영,1
2150,검증,과학,1
2151,유통,최초,1
2152,유통,최근,1
2153,유통,차별,1
2154,유통,입증,1
2155,유통,장건,1
2156,유통,장은영,1
2157,유통,장판,1
2158,유통,저작권자,1
2159,유통,적용,1
2160,유통,전재,1
2161,유통,점수,1
2162,유통,제약,1
2163,검증,기식,1
2164,유통,조절,1
2165,검증,금지,1
2166,유통,주간,1
2167,유통,중요,1
2168,유통,증가,1
2169,의학,장판,1
2170,의학,적용,1
2171,장판,전재,1
2172,이동,장판,1
2173,개선,확인,1
2174,의학,후성,1
2175,이동,인정,1
2176,이동,인체,1
2177,이동,입증,1
2178,이동,장건,1
2179,이동,장은영,1
2180,이동,저작권자,1
2181,의학,전재,1
2182,이동,적용,1
2183,이동,전재,1
2184,이동,점수,1
2185,이동,제약,1
2186,개선,호응,1
2187,이동,조절,1
2188,개선,형태,1
2189,의학,활성,1
2190,의학,확인,1
2191,의학,호응,1
2192,의학,형태,1
2193,의학,점수,1
2194,의학,제약,1
2195,검증,결과,1
2196,의학,조절,1
2197,개선,후성,1
2198,의학,주간,1
2199,의학,중요,1
2200,의학,증가,1
2201,의학,차별,1
2202,의학,최근,1
2203,의학,최초,1
2204,개선,활성,1
2205,의학,표준편차,1
2206,의학,학교,1
2207,의학,한방,1
2208,유통,인체,1
2209,유통,인정,1
2210,유통,이동,1
2211,위수,중요,1
2212,위수,전재,1
2213,위수,점수,1
2214,위수,제약,1
2215,검증,무단,1
2216,위수,조절,1
2217,검증,매니저,1
2218,위수,주간,1
2219,위수,증가,1
2220,유통,의학,1
2221,위수,차별,1
2222,위수,최근,1
2223,위수,최초,1
2224,검증,딸기,1
2225,검증,대표,1
2226,위수,표준편차,1
2227,위수,학교,1
2228,위수,적용,1
2229,위수,저작권자,1
2230,위수,장판,1
2231,위수,장은영,1
2232,원료,한방,1
2233,원료,형태,1
2234,원료,호응,1
2235,원료,확인,1
2236,원료,활성,1
2237,검증,물질,1
2238,원료,후성,1
2239,위수,유의,1
2240,위수,유통,1
2241,위수,의학,1
2242,위수,이동,1
2243,위수,인정,1
2244,위수,인체,1
2245,위수,입증,1
2246,위수,장건,1
2247,위수,한방,1
2248,위수,형태,1
2249,위수,호응,1
2250,검증,단신,1
2251,유의,주간,1
2252,유의,중요,1
2253,유의,증가,1
2254,유의,차별,1
2255,유의,최근,1
2256,유의,최초,1
2257,검증,김호곤,1
2258,유의,표준편차,1
2259,유의,학교,1
2260,유의,한방,1
2261,유의,형태,1
2262,유의,호응,1
2263,유의,확인,1
2264,유의,활성,1
2265,유의,후성,1
2266,유의,조절,1
2267,유의,제약,1
2268,위수,확인,1
2269,유의,점수,1
2270,위수,활성,1
2271,검증,대리,1
2272,위수,후성,1
2273,유의,유통,1
2274,유의,의학,1
2275,유의,이동,1
2276,유의,인정,1
2277,유의,인체,1
2278,유의,입증,1
2279,유의,장건,1
2280,유의,장은영,1
2281,유의,장판,1
2282,유의,저작권자,1
2283,유의,적용,1
2284,유의,전재,1
2285,식품,위수,1
2286,이동,중요,1
2287,이동,증가,1
2288,장건,조절,1
2289,장건,장판,1
2290,장건,저작권자,1
2291,장건,적용,1
2292,장건,전재,1
2293,장건,점수,1
2294,장건,제약,1
2295,개선,적용,1
2296,개선,저작권자,1
2297,입증,제약,1
2298,장건,주간,1
2299,장건,중요,1
2300,장건,증가,1
2301,장건,차별,1
2302,장건,최근,1
2303,장건,최초,1
2304,개선,장판,1
2305,장건,장은영,1
2306,입증,후성,1
2307,개선,전재,1
2308,입증,활성,1
2309,입증,조절,1
2310,입증,주간,1
2311,입증,중요,1
2312,입증,증가,1
2313,입증,차별,1
2314,입증,최근,1
2315,입증,최초,1
2316,개선,제약,1
2317,개선,점수,1
2318,입증,표준편차,1
2319,입증,학교,1
2320,입증,한방,1
2321,입증,형태,1
2322,입증,호응,1
2323,입증,확인,1
2324,개선,장은영,1
2325,장건,표준편차,1
2326,장건,학교,1
2327,장은영,증가,1
2328,장은영,최근,1
2329,장은영,최초,1
2330,개선,인정,1
2331,개선,이동,1
2332,장은영,표준편차,1
2333,장은영,학교,1
2334,장은영,한방,1
2335,장은영,형태,1
2336,장은영,호응,1
2337,장은영,확인,1
2338,장은영,활성,1
2339,개선,의학,1
2340,장은영,후성,1
2341,장판,저작권자,1
2342,장판,적용,1
2343,장은영,차별,1
2344,장은영,중요,1
2345,장건,한방,1
2346,장은영,주간,1
2347,장건,형태,1
2348,장건,호응,1
2349,장건,확인,1
2350,장건,활성,1
2351,개선,장건,1
2352,장건,후성,1
2353,장은영,장판,1
2354,장은영,저작권자,1
2355,장은영,적용,1
2356,장은영,전재,1
2357,장은영,점수,1
2358,장은영,제약,1
2359,개선,입증,1
2360,장은영,조절,1
2361,개선,인체,1
2362,개선,조절,1
2363,입증,점수,1
2364,이동,차별,1
2365,인정,증가,1
2366,인정,전재,1
2367,인정,점수,1
2368,인정,제약,1
2369,개선,표준편차,1
2370,인정,조절,1
2371,인정,주간,1
2372,인정,중요,1
2373,인정,차별,1
2374,입증,전재,1
2375,인정,최근,1
2376,인정,최초,1
2377,인정,표준편차,1
2378,인정,학교,1
2379,인정,한방,1
2380,인정,형태,1
2381,인정,호응,1
2382,인정,적용,1
2383,인정,저작권자,1
2384,인정,장판,1
2385,인정,장은영,1
2386,이동,최근,1
2387,이동,최초,1
2388,개선,한방,1
2389,이동,표준편차,1
2390,이동,학교,1
2391,이동,한방,1
2392,이동,형태,1
2393,이동,호응,1
2394,이동,확인,1
2395,이동,활성,1
2396,개선,학교,1
2397,이동,후성,1
2398,인정,인체,1
2399,인정,입증,1
2400,인정,장건,1
2401,인정,확인,1
2402,인정,활성,1
2403,개선,최초,1
2404,인체,최초,1
2405,개선,중요,1
2406,인체,표준편차,1
2407,인체,학교,1
2408,인체,한방,1
2409,인체,형태,1
2410,인체,호응,1
2411,인체,확인,1
2412,인체,활성,1
2413,개선,주간,1
2414,인체,후성,1
2415,입증,장건,1
2416,입증,장은영,1
2417,입증,장판,1
2418,입증,저작권자,1
2419,입증,적용,1
2420,개선,증가,1
2421,인체,최근,1
2422,인정,후성,1
2423,인체,차별,1
2424,인체,입증,1
2425,인체,장건,1
2426,인체,장은영,1
2427,인체,장판,1
2428,인체,저작권자,1
2429,인체,적용,1
2430,인체,전재,1
2431,인체,점수,1
2432,인체,제약,1
2433,개선,최근,1
2434,인체,조절,1
2435,개선,차별,1
2436,인체,주간,1
2437,인체,중요,1
2438,인체,증가,1
2439,식품,유의,1
2440,소비자,이동,1
2441,식품,원료,1
2442,매니저,우유,1
2443,매니저,위수,1
2444,매니저,유의,1
2445,매니저,유통,1
2446,매니저,의학,1
2447,매니저,이동,1
2448,매니저,인정,1
2449,매니저,인체,1
2450,매니저,입증,1
2451,매니저,장건,1
2452,매니저,장은영,1
2453,매니저,장판,1
2454,매니저,저작권자,1
2455,매니저,적용,1
2456,매니저,전재,1
2457,매니저,점수,1
2458,매니저,원료,1
2459,매니저,용법,1
2460,금지,복용,1
2461,매니저,요인,1
2462,금지,사진,1
2463,매니저,분말,1
2464,매니저,브랜드,1
2465,매니저,사진,1
2466,금지,브랜드,1
2467,매니저,성장기,1
2468,매니저,소비자,1
2469,매니저,승인,1
2470,매니저,시장,1
2471,매니저,시험,1
2472,매니저,식품,1
2473,매니저,신뢰,1
2474,매니저,신문,1
2475,금지,분말,1
2476,매니저,연구,1
2477,매니저,제약,1
2478,매니저,조절,1
2479,매니저,병원,1
2480,무단,물질,1
2481,무단,병원,1
2482,무단,복용,1
2483,금지,매니저,1
2484,무단,분말,1
2485,무단,브랜드,1
2486,무단,사진,1
2487,금지,딸기,1
2488,무단,성장기,1
2489,무단,소비자,1
2490,무단,승인,1
2491,무단,시장,1
2492,무단,시험,1
2493,무단,식품,1
2494,무단,신뢰,1
2495,무단,신문,1
2496,무단,배포,1
2497,매니저,후성,1
2498,금지,병원,1
2499,금지,무단,1
2500,매니저,주간,1
2501,매니저,중요,1
2502,매니저,증가,1
2503,매니저,차별,1
2504,매니저,최근,1
2505,매니저,최초,1
2506,금지,배포,1
2507,금지,물질,1
2508,매니저,표준편차,1
2509,매니저,학교,1
2510,매니저,한방,1
2511,매니저,형태,1
2512,매니저,호응,1
2513,매니저,확인,1
2514,매니저,활성,1
2515,매니저,복용,1
2516,매니저,배포,1
2517,금지,대리,1
2518,딸기,분말,1
2519,딸기,사진,1
2520,금지,신뢰,1
2521,딸기,성장기,1
2522,딸기,소비자,1
2523,딸기,승인,1
2524,딸기,시장,1
2525,딸기,시험,1
2526,딸기,식품,1
2527,딸기,신뢰,1
2528,딸기,신문,1
2529,금지,식품,1
2530,금지,시험,1
2531,딸기,연구,1
2532,딸기,요인,1
2533,딸기,용법,1
2534,딸기,브랜드,1
2535,금지,신문,1
2536,딸기,원료,1
2537,딸기,복용,1
2538,대표,최근,1
2539,대표,최초,1
2540,대표,표준편차,1
2541,대표,학교,1
2542,대표,한방,1
2543,대표,형태,1
2544,대표,호응,1
2545,대표,확인,1
2546,대표,활성,1
2547,대표,후성,1
2548,딸기,매니저,1
2549,딸기,무단,1
2550,딸기,물질,1
2551,딸기,배포,1
2552,딸기,병원,1
2553,딸기,우유,1
2554,딸기,위수,1
2555,매니저,물질,1
2556,딸기,주간,1
2557,딸기,증가,1
2558,딸기,차별,1
2559,딸기,최근,1
2560,딸기,최초,1
2561,금지,소비자,1
2562,금지,성장기,1
2563,딸기,표준편차,1
2564,딸기,학교,1
2565,딸기,한방,1
2566,딸기,형태,1
2567,딸기,호응,1
2568,딸기,확인,1
2569,딸기,활성,1
2570,딸기,후성,1
2571,매니저,무단,1
2572,딸기,중요,1
2573,금지,승인,1
2574,딸기,유의,1
2575,딸기,조절,1
2576,딸기,유통,1
2577,딸기,의학,1
2578,딸기,이동,1
2579,딸기,인정,1
2580,딸기,인체,1
2581,딸기,입증,1
2582,딸기,장건,1
2583,딸기,장은영,1
2584,딸기,장판,1
2585,딸기,저작권자,1
2586,딸기,적용,1
2587,딸기,전재,1
2588,딸기,점수,1
2589,딸기,제약,1
2590,금지,시장,1
2591,금지,대표,1
2592,무단,연구,1
2593,대표,증가,1
2594,배포,병원,1
2595,과학,학교,1
2596,배포,분말,1
2597,배포,브랜드,1
2598,배포,사진,1
2599,과학,표준편차,1
2600,배포,성장기,1
2601,배포,소비자,1
2602,배포,승인,1
2603,배포,시장,1
2604,배포,시험,1
2605,배포,식품,1
2606,배포,신뢰,1
2607,배포,신문,1
2608,배포,연구,1
2609,배포,요인,1
2610,배포,복용,1
2611,물질,후성,1
2612,배포,우유,1
2613,과학,한방,1
2614,과학,호응,1
2615,물질,주간,1
2616,물질,중요,1
2617,물질,증가,1
2618,물질,차별,1
2619,물질,최근,1
2620,물질,최초,1
2621,과학,형태,1
2622,물질,표준편차,1
2623,물질,학교,1
2624,물질,한방,1
2625,물질,형태,1
2626,물질,호응,1
2627,물질,확인,1
2628,물질,활성,1
2629,배포,용법,1
2630,배포,원료,1
2631,과학,확인,1
2632,배포,주간,1
2633,배포,증가,1
2634,배포,차별,1
2635,배포,최근,1
2636,배포,최초,1
2637,과학,최근,1
2638,과학,차별,1
2639,배포,표준편차,1
2640,배포,학교,1
2641,배포,한방,1
2642,배포,형태,1
2643,배포,호응,1
2644,배포,확인,1
2645,배포,활성,1
2646,과학,증가,1
2647,배포,후성,1
2648,배포,중요,1
2649,과학,최초,1
2650,배포,위수,1
2651,배포,조절,1
2652,배포,유의,1
2653,배포,유통,1
2654,배포,의학,1
2655,배포,이동,1
2656,배포,인정,1
2657,배포,인체,1
2658,배포,입증,1
2659,배포,장건,1
2660,배포,장은영,1
2661,배포,장판,1
2662,배포,저작권자,1
2663,배포,적용,1
2664,배포,전재,1
2665,배포,점수,1
2666,배포,제약,1
2667,물질,조절,1
2668,물질,제약,1
2669,무단,요인,1
2670,무단,점수,1
2671,금지,단신,1
2672,무단,조절,1
2673,무단,주간,1
2674,무단,중요,1
2675,무단,증가,1
2676,무단,차별,1
2677,무단,최근,1
2678,무단,최초,1
2679,금지,김호곤,1
2680,무단,표준편차,1
2681,무단,학교,1
2682,무단,한방,1
2683,무단,형태,1
2684,무단,호응,1
2685,무단,확인,1
2686,무단,제약,1
2687,무단,전재,1
2688,무단,후성,1
2689,무단,적용,1
2690,무단,용법,1
2691,무단,우유,1
2692,무단,원료,1
2693,무단,위수,1
2694,무단,유의,1
2695,무단,유통,1
2696,무단,의학,1
2697,무단,이동,1
2698,무단,인정,1
2699,무단,인체,1
2700,무단,입증,1
2701,무단,장건,1
2702,무단,장은영,1
2703,무단,장판,1
2704,무단,저작권자,1
2705,무단,활성,1
2706,물질,배포,1
2707,물질,점수,1
2708,물질,용법,1
2709,물질,원료,1
2710,물질,위수,1
2711,물질,유의,1
2712,물질,유통,1
2713,물질,의학,1
2714,물질,이동,1
2715,물질,인정,1
2716,물질,인체,1
2717,물질,입증,1
2718,물질,장건,1
2719,물질,장은영,1
2720,물질,장판,1
2721,물질,저작권자,1
2722,물질,적용,1
2723,물질,전재,1
2724,물질,우유,1
2725,물질,요인,1
2726,물질,병원,1
2727,물질,연구,1
2728,물질,복용,1
2729,금지,기식,1
2730,물질,분말,1
2731,물질,브랜드,1
2732,물질,사진,1
2733,과학,후성,1
2734,물질,성장기,1
2735,물질,소비자,1
2736,물질,승인,1
2737,물질,시장,1
2738,물질,시험,1
2739,물질,식품,1
2740,물질,신뢰,1
2741,물질,신문,1
2742,과학,활성,1
2743,대표,차별,1
2744,대표,중요,1
2745,식품,우유,1
2746,김호곤,장건,1
2747,김호곤,장판,1
2748,김호곤,저작권자,1
2749,김호곤,적용,1
2750,김호곤,전재,1
2751,김호곤,점수,1
2752,김호곤,제약,1
2753,금지,호응,1
2754,김호곤,조절,1
2755,금지,형태,1
2756,김호곤,주간,1
2757,김호곤,중요,1
2758,김호곤,증가,1
2759,김호곤,차별,1
2760,김호곤,최근,1
2761,김호곤,최초,1
2762,김호곤,장은영,1
2763,김호곤,입증,1
2764,김호곤,표준편차,1
2765,김호곤,인체,1
2766,김호곤,신뢰,1
2767,김호곤,신문,1
2768,금지,활성,1
2769,금지,확인,1
2770,김호곤,연구,1
2771,김호곤,요인,1
2772,김호곤,용법,1
2773,김호곤,우유,1
2774,김호곤,원료,1
2775,김호곤,위수,1
2776,김호곤,유의,1
2777,김호곤,유통,1
2778,김호곤,의학,1
2779,김호곤,이동,1
2780,김호곤,인정,1
2781,금지,한방,1
2782,김호곤,학교,1
2783,김호곤,시험,1
2784,단신,물질,1
2785,단신,병원,1
2786,단신,복용,1
2787,금지,주간,1
2788,단신,분말,1
2789,단신,브랜드,1
2790,단신,사진,1
2791,금지,조절,1
2792,단신,성장기,1
2793,단신,소비자,1
2794,단신,승인,1
2795,단신,시장,1
2796,단신,시험,1
2797,단신,식품,1
2798,단신,신뢰,1
2799,단신,신문,1
2800,단신,배포,1
2801,단신,무단,1
2802,김호곤,한방,1
2803,단신,매니저,1
2804,김호곤,형태,1
2805,김호곤,호응,1
2806,김호곤,확인,1
2807,김호곤,활성,1
2808,금지,학교,1
2809,김호곤,후성,1
2810,금지,표준편차,1
2811,금지,최초,1
2812,금지,최근,1
2813,금지,차별,1
2814,금지,증가,1
2815,금지,중요,1
2816,단신,대리,1
2817,단신,대표,1
2818,단신,딸기,1
2819,김호곤,식품,1
2820,김호곤,시장,1
2821,단신,연구,1
2822,기식,장판,1
2823,기식,적용,1
2824,기식,전재,1
2825,기식,점수,1
2826,기식,제약,1
2827,기식,시장,1
2828,기식,조절,1
2829,기식,승인,1
2830,기식,주간,1
2831,기식,중요,1
2832,기식,증가,1
2833,기식,차별,1
2834,기식,최근,1
2835,기식,최초,1
2836,기식,소비자,1
2837,기식,성장기,1
2838,기식,저작권자,1
2839,기식,장은영,1
2840,기식,학교,1
2841,기식,장건,1
2842,기식,식품,1
2843,기식,시험,1
2844,기식,연구,1
2845,기식,요인,1
2846,기식,용법,1
2847,기식,우유,1
2848,기식,원료,1
2849,기식,위수,1
2850,기식,유의,1
2851,기식,유통,1
2852,기식,의학,1
2853,기식,이동,1
2854,기식,인정,1
2855,기식,인체,1
2856,기식,입증,1
2857,기식,표준편차,1
2858,기식,한방,1
2859,김호곤,승인,1
2860,기식,김호곤,1
2861,김호곤,대리,1
2862,김호곤,대표,1
2863,김호곤,딸기,1
2864,김호곤,매니저,1
2865,김호곤,무단,1
2866,김호곤,물질,1
2867,김호곤,배포,1
2868,김호곤,병원,1
2869,김호곤,복용,1
2870,금지,후성,1
2871,김호곤,분말,1
2872,김호곤,브랜드,1
2873,김호곤,사진,1
2874,김호곤,성장기,1
2875,김호곤,소비자,1
2876,김호곤,단신,1
2877,기식,단신,1
2878,기식,형태,1
2879,기식,대리,1
2880,기식,호응,1
2881,기식,확인,1
2882,기식,활성,1
2883,기식,후성,1
2884,기식,사진,1
2885,기식,브랜드,1
2886,기식,분말,1
2887,기식,복용,1
2888,기식,병원,1
2889,기식,배포,1
2890,기식,물질,1
2891,기식,무단,1
2892,기식,매니저,1
2893,기식,딸기,1
2894,기식,대표,1
2895,금지,제약,1
2896,단신,요인,1
2897,대표,주간,1
2898,대리,표준편차,1
2899,대리,한방,1
2900,대리,형태,1
2901,대리,호응,1
2902,대리,확인,1
2903,대리,활성,1
2904,금지,유의,1
2905,대리,후성,1
2906,대표,딸기,1
2907,대표,매니저,1
2908,대표,무단,1
2909,대표,물질,1
2910,대표,배포,1
2911,대표,병원,1
2912,대표,복용,1
2913,금지,위수,1
2914,대리,학교,1
2915,금지,유통,1
2916,대표,브랜드,1
2917,금지,의학,1
2918,대리,장판,1
2919,대리,저작권자,1
2920,대리,적용,1
2921,대리,전재,1
2922,대리,점수,1
2923,대리,제약,1
2924,금지,인정,1
2925,대리,조절,1
2926,금지,이동,1
2927,대리,주간,1
2928,대리,중요,1
2929,대리,증가,1
2930,대리,차별,1
2931,대리,최근,1
2932,대리,최초,1
2933,대표,분말,1
2934,대표,사진,1
2935,대리,장건,1
2936,대표,유통,1
2937,대표,이동,1
2938,대표,인정,1
2939,대표,인체,1
2940,대표,입증,1
2941,대표,장건,1
2942,대표,장은영,1
2943,대표,장판,1
2944,대표,저작권자,1
2945,대표,적용,1
2946,대표,전재,1
2947,대표,점수,1
2948,대표,제약,1
2949,금지,요인,1
2950,대표,조절,1
2951,금지,연구,1
2952,대표,의학,1
2953,대표,유의,1
2954,금지,원료,1
2955,대표,위수,1
2956,대표,성장기,1
2957,대표,소비자,1
2958,대표,승인,1
2959,대표,시장,1
2960,대표,시험,1
2961,대표,식품,1
2962,대표,신뢰,1
2963,대표,신문,1
2964,금지,우유,1
2965,금지,용법,1
2966,대표,연구,1
2967,대표,요인,1
2968,대표,용법,1
2969,대표,우유,1
2970,대표,원료,1
2971,대리,장은영,1
2972,대리,입증,1
2973,단신,용법,1
2974,단신,제약,1
2975,단신,조절,1
2976,금지,전재,1
2977,단신,주간,1
2978,단신,중요,1
2979,단신,증가,1
2980,단신,차별,1
2981,단신,최근,1
2982,단신,최초,1
2983,금지,적용,1
2984,금지,저작권자,1
2985,단신,표준편차,1
2986,단신,학교,1
2987,단신,한방,1
2988,단신,형태,1
2989,단신,호응,1
2990,금지,점수,1
2991,단신,점수,1
2992,단신,활성,1
2993,단신,전재,1
2994,단신,우유,1
2995,단신,원료,1
2996,단신,위수,1
2997,단신,유의,1
2998,단신,유통,1
2999,단신,의학,1
3000,단신,이동,1
3001,단신,인정,1
3002,단신,인체,1
3003,단신,입증,1
3004,단신,장건,1
3005,단신,장은영,1
3006,단신,장판,1
3007,단신,저작권자,1
3008,단신,적용,1
3009,단신,확인,1
3010,금지,장판,1
3011,대리,인체,1
3012,대리,시험,1
3013,대리,신뢰,1
3014,대리,신문,1
3015,금지,입증,1
3016,금지,인체,1
3017,대리,연구,1
3018,대리,요인,1
3019,대리,용법,1
3020,대리,우유,1
3021,대리,원료,1
3022,대리,위수,1
3023,대리,유의,1
3024,대리,유통,1
3025,대리,의학,1
3026,대리,이동,1
3027,대리,인정,1
3028,대리,식품,1
3029,대리,시장,1
3030,단신,후성,1
3031,대리,승인,1
3032,대리,대표,1
3033,대리,딸기,1
3034,대리,매니저,1
3035,대리,무단,1
3036,대리,물질,1
3037,대리,배포,1
3038,대리,병원,1
3039,대리,복용,1
3040,금지,장은영,1
3041,대리,분말,1
3042,대리,브랜드,1
3043,대리,사진,1
3044,금지,장건,1
3045,대리,성장기,1
3046,대리,소비자,1
3047,병원,복용,1
3048,과학,중요,1
3049,병원,분말,1
3050,성장기,중요,1
3051,성장기,차별,1
3052,성장기,최근,1
3053,성장기,최초,1
3054,결합,원료,1
3055,결합,우유,1
3056,성장기,표준편차,1
3057,성장기,학교,1
3058,성장기,한방,1
3059,성장기,형태,1
3060,성장기,호응,1
3061,성장기,확인,1
3062,성장기,활성,1
3063,결합,용법,1
3064,성장기,후성,1
3065,소비자,승인,1
3066,성장기,증가,1
3067,성장기,주간,1
3068,소비자,시험,1
3069,결합,위수,1
3070,성장기,의학,1
3071,성장기,이동,1
3072,성장기,인정,1
3073,성장기,인체,1
3074,성장기,입증,1
3075,성장기,장건,1
3076,성장기,장은영,1
3077,성장기,장판,1
3078,성장기,저작권자,1
3079,성장기,적용,1
3080,성장기,전재,1
3081,성장기,점수,1
3082,성장기,제약,1
3083,결합,유의,1
3084,성장기,조절,1
3085,소비자,시장,1
3086,소비자,식품,1
3087,성장기,유의,1
3088,소비자,장은영,1
3089,소비자,저작권자,1
3090,소비자,적용,1
3091,소비자,전재,1
3092,소비자,점수,1
3093,소비자,제약,1
3094,소비자,조절,1
3095,소비자,주간,1
3096,소비자,중요,1
3097,소비자,증가,1
3098,소비자,차별,1
3099,소비자,최근,1
3100,소비자,최초,1
3101,결합,신문,1
3102,소비자,표준편차,1
3103,소비자,학교,1
3104,소비자,장판,1
3105,소비자,장건,1
3106,소비자,신뢰,1
3107,소비자,입증,1
3108,소비자,신문,1
3109,결합,요인,1
3110,결합,연구,1
3111,소비자,연구,1
3112,소비자,요인,1
3113,소비자,용법,1
3114,소비자,우유,1
3115,소비자,원료,1
3116,소비자,위수,1
3117,소비자,유의,1
3118,소비자,유통,1
3119,소비자,의학,1
3120,기식,신문,1
3121,소비자,인정,1
3122,소비자,인체,1
3123,성장기,유통,1
3124,성장기,위수,1
3125,소비자,형태,1
3126,경희대,분말,1
3127,경희대,병원,1
3128,경희대,배포,1
3129,경희대,물질,1
3130,경희대,무단,1
3131,경희대,매니저,1
3132,경희대,딸기,1
3133,경희대,대표,1
3134,경희대,대리,1
3135,경희대,단신,1
3136,경희대,김호곤,1
3137,경희대,기식,1
3138,경희대,금지,1
3139,경희대,과학,1
3140,결합,후성,1
3141,결합,활성,1
3142,경희대,복용,1
3143,경희대,브랜드,1
3144,결합,호응,1
3145,경희대,사진,1
3146,사진,학교,1
3147,사진,한방,1
3148,사진,형태,1
3149,사진,호응,1
3150,사진,확인,1
3151,사진,활성,1
3152,사진,후성,1
3153,경희대,신문,1
3154,경희대,신뢰,1
3155,경희대,식품,1
3156,경희대,시험,1
3157,경희대,시장,1
3158,경희대,승인,1
3159,경희대,소비자,1
3160,경희대,성장기,1
3161,결합,확인,1
3162,결합,형태,1
3163,성장기,원료,1
3164,결합,입증,1
3165,결합,인정,1
3166,결합,이동,1
3167,성장기,소비자,1
3168,성장기,승인,1
3169,성장기,시장,1
3170,성장기,시험,1
3171,성장기,식품,1
3172,성장기,신뢰,1
3173,성장기,신문,1
3174,결합,의학,1
3175,결합,유통,1
3176,성장기,연구,1
3177,성장기,요인,1
3178,성장기,용법,1
3179,성장기,우유,1
3180,결합,인체,1
3181,결합,장건,1
3182,결합,한방,1
3183,결합,장은영,1
3184,결합,학교,1
3185,결합,표준편차,1
3186,결합,최초,1
3187,결합,최근,1
3188,결합,차별,1
3189,결합,증가,1
3190,결합,중요,1
3191,결합,주간,1
3192,결합,조절,1
3193,결합,제약,1
3194,결합,점수,1
3195,결합,전재,1
3196,결합,적용,1
3197,결합,저작권자,1
3198,결합,장판,1
3199,소비자,한방,1
3200,소비자,호응,1
3201,병원,브랜드,1
3202,시장,활성,1
3203,시장,후성,1
3204,시험,식품,1
3205,시험,신뢰,1
3206,시험,신문,1
3207,결합,물질,1
3208,결합,무단,1
3209,시험,연구,1
3210,시험,요인,1
3211,시험,용법,1
3212,시험,우유,1
3213,시험,원료,1
3214,시험,위수,1
3215,시험,유의,1
3216,시험,유통,1
3217,시험,의학,1
3218,결합,배포,1
3219,시장,확인,1
3220,시험,인정,1
3221,시장,호응,1
3222,시장,제약,1
3223,결합,분말,1
3224,시장,조절,1
3225,시장,주간,1
3226,시장,중요,1
3227,시장,증가,1
3228,시장,차별,1
3229,시장,최근,1
3230,시장,최초,1
3231,결합,복용,1
3232,결합,병원,1
3233,시장,표준편차,1
3234,시장,학교,1
3235,시장,한방,1
3236,시장,형태,1
3237,시험,이동,1
3238,시험,인체,1
3239,시장,전재,1
3240,결합,대표,1
3241,시험,표준편차,1
3242,시험,학교,1
3243,시험,한방,1
3244,시험,형태,1
3245,시험,호응,1
3246,시험,확인,1
3247,시험,활성,1
3248,결합,단신,1
3249,시험,후성,1
3250,식품,신뢰,1
3251,식품,신문,1
3252,결합,김호곤,1
3253,식품,연구,1
3254,식품,요인,1
3255,식품,용법,1
3256,결합,대리,1
3257,시험,최초,1
3258,시험,입증,1
3259,시험,최근,1
3260,시험,장건,1
3261,시험,장은영,1
3262,시험,장판,1
3263,시험,저작권자,1
3264,시험,적용,1
3265,시험,전재,1
3266,시험,점수,1
3267,시험,제약,1
3268,결합,매니저,1
3269,시험,조절,1
3270,결합,딸기,1
3271,시험,주간,1
3272,시험,중요,1
3273,시험,증가,1
3274,시험,차별,1
3275,시장,점수,1
3276,시장,적용,1
3277,소비자,확인,1
3278,승인,유통,1
3279,승인,이동,1
3280,승인,인정,1
3281,승인,인체,1
3282,승인,입증,1
3283,승인,장건,1
3284,승인,장은영,1
3285,승인,장판,1
3286,승인,저작권자,1
3287,승인,적용,1
3288,승인,전재,1
3289,승인,점수,1
3290,승인,제약,1
3291,결합,시장,1
3292,승인,조절,1
3293,결합,승인,1
3294,승인,의학,1
3295,승인,유의,1
3296,승인,중요,1
3297,승인,위수,1
3298,소비자,활성,1
3299,결합,신뢰,1
3300,소비자,후성,1
3301,승인,시장,1
3302,승인,시험,1
3303,승인,식품,1
3304,승인,신뢰,1
3305,승인,신문,1
3306,결합,식품,1
3307,결합,시험,1
3308,승인,연구,1
3309,승인,요인,1
3310,승인,용법,1
3311,승인,우유,1
3312,승인,원료,1
3313,승인,주간,1
3314,승인,증가,1
3315,시장,저작권자,1
3316,결합,브랜드,1
3317,시장,요인,1
3318,시장,용법,1
3319,시장,우유,1
3320,시장,원료,1
3321,시장,위수,1
3322,시장,유의,1
3323,시장,유통,1
3324,시장,의학,1
3325,시장,이동,1
3326,시장,인정,1
3327,시장,인체,1
3328,시장,입증,1
3329,시장,장건,1
3330,시장,장은영,1
3331,시장,장판,1
3332,시장,연구,1
3333,결합,사진,1
3334,승인,차별,1
3335,시장,신문,1
3336,승인,최근,1
3337,승인,최초,1
3338,결합,소비자,1
3339,결합,성장기,1
3340,승인,표준편차,1
3341,승인,학교,1
3342,승인,한방,1
3343,승인,형태,1
3344,승인,호응,1
3345,승인,확인,1
3346,승인,활성,1
3347,승인,후성,1
3348,시장,시험,1
3349,시장,식품,1
3350,시장,신뢰,1
3351,사진,표준편차,1
3352,사진,최초,1
3353,사진,최근,1
3354,복용,증가,1
3355,복용,최근,1
3356,복용,최초,1
3357,과학,이동,1
3358,과학,의학,1
3359,복용,표준편차,1
3360,복용,학교,1
3361,복용,한방,1
3362,복용,형태,1
3363,복용,호응,1
3364,복용,확인,1
3365,복용,활성,1
3366,과학,유통,1
3367,복용,후성,1
3368,과학,유의,1
3369,과학,위수,1
3370,복용,차별,1
3371,복용,중요,1
3372,과학,우유,1
3373,복용,주간,1
3374,복용,이동,1
3375,복용,인정,1
3376,복용,인체,1
3377,복용,입증,1
3378,복용,장건,1
3379,복용,장은영,1
3380,복용,장판,1
3381,복용,저작권자,1
3382,복용,적용,1
3383,복용,전재,1
3384,복용,점수,1
3385,복용,제약,1
3386,과학,인체,1
3387,복용,조절,1
3388,과학,인정,1
3389,과학,원료,1
3390,과학,용법,1
3391,복용,유통,1
3392,과학,매니저,1
3393,과학,대표,1
3394,과학,대리,1
3395,과학,단신,1
3396,과학,김호곤,1
3397,과학,기식,1
3398,과학,금지,1
3399,경희대,후성,1
3400,경희대,활성,1
3401,경희대,확인,1
3402,경희대,호응,1
3403,경희대,형태,1
3404,경희대,한방,1
3405,경희대,학교,1
3406,경희대,표준편차,1
3407,경희대,최초,1
3408,과학,딸기,1
3409,과학,무단,1
3410,과학,요인,1
3411,과학,물질,1
3412,과학,연구,1
3413,과학,신문,1
3414,과학,신뢰,1
3415,과학,식품,1
3416,과학,시험,1
3417,과학,시장,1
3418,과학,승인,1
3419,과학,소비자,1
3420,과학,성장기,1
3421,과학,사진,1
3422,과학,브랜드,1
3423,과학,분말,1
3424,과학,복용,1
3425,과학,병원,1
3426,과학,배포,1
3427,복용,의학,1
3428,복용,유의,1
3429,사진,차별,1
3430,병원,유의,1
3431,병원,의학,1
3432,병원,이동,1
3433,병원,인정,1
3434,병원,인체,1
3435,병원,입증,1
3436,병원,장건,1
3437,병원,장은영,1
3438,병원,장판,1
3439,병원,저작권자,1
3440,병원,적용,1
3441,병원,전재,1
3442,병원,점수,1
3443,병원,제약,1
3444,과학,제약,1
3445,병원,조절,1
3446,병원,유통,1
3447,병원,위수,1
3448,병원,주간,1
3449,병원,원료,1
3450,병원,사진,1
3451,과학,주간,1
3452,병원,성장기,1
3453,병원,소비자,1
3454,병원,승인,1
3455,병원,시장,1
3456,병원,시험,1
3457,병원,식품,1
3458,병원,신뢰,1
3459,병원,신문,1
3460,과학,조절,1
3461,병원,연구,1
3462,병원,요인,1
3463,병원,용법,1
3464,병원,우유,1
3465,과학,점수,1
3466,병원,중요,1
3467,복용,위수,1
3468,복용,사진,1
3469,복용,성장기,1
3470,복용,소비자,1
3471,복용,승인,1
3472,복용,시장,1
3473,복용,시험,1
3474,복용,식품,1
3475,복용,신뢰,1
3476,복용,신문,1
3477,과학,장건,1
3478,과학,입증,1
3479,복용,연구,1
3480,복용,요인,1
3481,복용,용법,1
3482,복용,우유,1
3483,복용,원료,1
3484,과학,장은영,1
3485,복용,브랜드,1
3486,병원,증가,1
3487,복용,분말,1
3488,병원,차별,1
3489,병원,최근,1
3490,병원,최초,1
3491,과학,전재,1
3492,과학,적용,1
3493,병원,표준편차,1
3494,병원,학교,1
3495,병원,한방,1
3496,병원,형태,1
3497,병원,호응,1
3498,병원,확인,1
3499,병원,활성,1
3500,과학,저작권자,1
3501,병원,후성,1
3502,과학,장판,1
3503,경희대,최근,1
3504,경희대,차별,1
3505,경희대,증가,1
3506,브랜드,주간,1
3507,브랜드,증가,1
3508,브랜드,차별,1
3509,브랜드,최근,1
3510,브랜드,최초,1
3511,경희대,유통,1
3512,경희대,유의,1
3513,브랜드,표준편차,1
3514,브랜드,학교,1
3515,브랜드,한방,1
3516,브랜드,형태,1
3517,브랜드,호응,1
3518,브랜드,확인,1
3519,브랜드,활성,1
3520,경희대,위수,1
3521,브랜드,후성,1
3522,브랜드,중요,1
3523,경희대,의학,1
3524,사진,성장기,1
3525,브랜드,조절,1
3526,브랜드,유통,1
3527,브랜드,의학,1
3528,브랜드,이동,1
3529,브랜드,인정,1
3530,브랜드,인체,1
3531,브랜드,입증,1
3532,브랜드,장건,1
3533,브랜드,장은영,1
3534,브랜드,장판,1
3535,브랜드,저작권자,1
3536,브랜드,적용,1
3537,브랜드,전재,1
3538,브랜드,점수,1
3539,브랜드,제약,1
3540,경희대,이동,1
3541,경희대,원료,1
3542,사진,소비자,1
3543,경희대,중요,1
3544,사진,인정,1
3545,사진,입증,1
3546,사진,장건,1
3547,사진,장은영,1
3548,사진,장판,1
3549,사진,저작권자,1
3550,사진,적용,1
3551,사진,전재,1
3552,사진,점수,1
3553,사진,제약,1
3554,경희대,요인,1
3555,사진,조절,1
3556,경희대,연구,1
3557,사진,주간,1
3558,사진,중요,1
3559,사진,증가,1
3560,사진,인체,1
3561,사진,이동,1
3562,사진,승인,1
3563,사진,의학,1
3564,사진,시장,1
3565,사진,시험,1
3566,사진,식품,1
3567,사진,신뢰,1
3568,사진,신문,1
3569,경희대,우유,1
3570,경희대,용법,1
3571,사진,연구,1
3572,사진,요인,1
3573,사진,용법,1
3574,사진,우유,1
3575,사진,원료,1
3576,사진,위수,1
3577,사진,유의,1
3578,사진,유통,1
3579,브랜드,유의,1
3580,브랜드,위수,1
3581,브랜드,원료,1
3582,분말,용법,1
3583,분말,원료,1
3584,분말,위수,1
3585,분말,유의,1
3586,분말,유통,1
3587,분말,의학,1
3588,분말,이동,1
3589,분말,인정,1
3590,분말,인체,1
3591,분말,입증,1
3592,분말,장건,1
3593,분말,장은영,1
3594,분말,장판,1
3595,분말,저작권자,1
3596,분말,적용,1
3597,분말,전재,1
3598,분말,우유,1
3599,분말,요인,1
3600,브랜드,우유,1
3601,분말,연구,1
3602,경희대,주간,1
3603,경희대,조절,1
3604,분말,브랜드,1
3605,분말,사진,1
3606,경희대,제약,1
3607,분말,성장기,1
3608,분말,소비자,1
3609,분말,승인,1
3610,분말,시장,1
3611,분말,시험,1
3612,분말,식품,1
3613,분말,신뢰,1
3614,분말,신문,1
3615,경희대,점수,1
3616,경희대,전재,1
3617,분말,점수,1
3618,분말,제약,1
3619,경희대,적용,1
3620,분말,조절,1
3621,브랜드,사진,1
3622,경희대,입증,1
3623,브랜드,성장기,1
3624,브랜드,소비자,1
3625,브랜드,승인,1
3626,브랜드,시장,1
3627,브랜드,시험,1
3628,브랜드,식품,1
3629,브랜드,신뢰,1
3630,브랜드,신문,1
3631,경희대,인체,1
3632,경희대,인정,1
3633,브랜드,연구,1
3634,브랜드,요인,1
3635,브랜드,용법,1
3636,분말,후성,1
3637,경희대,장건,1
3638,분말,활성,1
3639,분말,최초,1
3640,경희대,저작권자,1
3641,분말,주간,1
3642,분말,중요,1
3643,분말,증가,1
3644,분말,차별,1
3645,분말,최근,1
3646,경희대,장판,1
3647,분말,확인,1
3648,경희대,장은영,1
3649,분말,표준편차,1
3650,분말,학교,1
3651,분말,한방,1
3652,분말,형태,1
3653,분말,호응,1
3654,개발,개선,1
